{"StepsPerCurve":3,"DirectionScale":1.0,"HandleSize":0.10000000149011612,"PickSize":0.10000000149011612,"ShowSteps":false,"ShowPivots":false,"HotkeyNewCurve":283}